{"initial_reset_timestamp": 1616172639.4260013, "timestamps": [1616172648.03824], "episode_lengths": [300], "episode_rewards": [71.85892022282827], "episode_types": ["t", "t", "t"]}