{"initial_reset_timestamp": 1616258255.4881976, "timestamps": [1616258265.2421143], "episode_lengths": [300], "episode_rewards": [-23.938126962509898], "episode_types": ["t", "t", "t"]}