{"initial_reset_timestamp": 1613648176.0584717, "timestamps": [1613648178.6034732], "episode_lengths": [90], "episode_rewards": [-164.1600560983377], "episode_types": ["t"]}